district,report_year,paddy_area_ha,paddy_production_tonnes,paddy_yield_kg_per_ha,source_authority,source_report,source_table_area,source_table_production,source_table_yield,provenance
Chennai,2024-25,98,320,3267,"Department of Economics and Statistics, Government of Tamil Nadu","Season and Crop Report Tamil Nadu 2024-2025, Fasli 1434",Table IV-A,Table V-B,Table V-A,REAL_OBSERVED_AGGREGATED
Kancheepuram,2024-25,55117,206906,3754,"Department of Economics and Statistics, Government of Tamil Nadu","Season and Crop Report Tamil Nadu 2024-2025, Fasli 1434",Table IV-A,Table V-B,Table V-A,REAL_OBSERVED_AGGREGATED
Chengalpattu,2024-25,59151,228635,3865,"Department of Economics and Statistics, Government of Tamil Nadu","Season and Crop Report Tamil Nadu 2024-2025, Fasli 1434",Table IV-A,Table V-B,Table V-A,REAL_OBSERVED_AGGREGATED
Tiruvallur,2024-25,104492,372227,3562,"Department of Economics and Statistics, Government of Tamil Nadu","Season and Crop Report Tamil Nadu 2024-2025, Fasli 1434",Table IV-A,Table V-B,Table V-A,REAL_OBSERVED_AGGREGATED
Cuddalore,2024-25,146517,404324,2760,"Department of Economics and Statistics, Government of Tamil Nadu","Season and Crop Report Tamil Nadu 2024-2025, Fasli 1434",Table IV-A,Table V-B,Table V-A,REAL_OBSERVED_AGGREGATED
Villupuram,2024-25,101445,318076,3135,"Department of Economics and Statistics, Government of Tamil Nadu","Season and Crop Report Tamil Nadu 2024-2025, Fasli 1434",Table IV-A,Table V-B,Table V-A,REAL_OBSERVED_AGGREGATED
Kallakurichi,2024-25,55972,214635,3835,"Department of Economics and Statistics, Government of Tamil Nadu","Season and Crop Report Tamil Nadu 2024-2025, Fasli 1434",Table IV-A,Table V-B,Table V-A,REAL_OBSERVED_AGGREGATED
Vellore,2024-25,10171,33226,3267,"Department of Economics and Statistics, Government of Tamil Nadu","Season and Crop Report Tamil Nadu 2024-2025, Fasli 1434",Table IV-A,Table V-B,Table V-A,REAL_OBSERVED_AGGREGATED
Ranipet,2024-25,52464,191485,3650,"Department of Economics and Statistics, Government of Tamil Nadu","Season and Crop Report Tamil Nadu 2024-2025, Fasli 1434",Table IV-A,Table V-B,Table V-A,REAL_OBSERVED_AGGREGATED
Tirupathur,2024-25,8242,32545,3949,"Department of Economics and Statistics, Government of Tamil Nadu","Season and Crop Report Tamil Nadu 2024-2025, Fasli 1434",Table IV-A,Table V-B,Table V-A,REAL_OBSERVED_AGGREGATED
Tiruvannamalai,2024-25,185095,689741,3726,"Department of Economics and Statistics, Government of Tamil Nadu","Season and Crop Report Tamil Nadu 2024-2025, Fasli 1434",Table IV-A,Table V-B,Table V-A,REAL_OBSERVED_AGGREGATED
Salem,2024-25,23889,99171,4151,"Department of Economics and Statistics, Government of Tamil Nadu","Season and Crop Report Tamil Nadu 2024-2025, Fasli 1434",Table IV-A,Table V-B,Table V-A,REAL_OBSERVED_AGGREGATED
Namakkal,2024-25,10392,40528,3900,"Department of Economics and Statistics, Government of Tamil Nadu","Season and Crop Report Tamil Nadu 2024-2025, Fasli 1434",Table IV-A,Table V-B,Table V-A,REAL_OBSERVED_AGGREGATED
Dharmapuri,2024-25,27636,112042,4054,"Department of Economics and Statistics, Government of Tamil Nadu","Season and Crop Report Tamil Nadu 2024-2025, Fasli 1434",Table IV-A,Table V-B,Table V-A,REAL_OBSERVED_AGGREGATED
Krishnagiri,2024-25,30808,112143,3640,"Department of Economics and Statistics, Government of Tamil Nadu","Season and Crop Report Tamil Nadu 2024-2025, Fasli 1434",Table IV-A,Table V-B,Table V-A,REAL_OBSERVED_AGGREGATED
Coimbatore,2024-25,1042,3615,3469,"Department of Economics and Statistics, Government of Tamil Nadu","Season and Crop Report Tamil Nadu 2024-2025, Fasli 1434",Table IV-A,Table V-B,Table V-A,REAL_OBSERVED_AGGREGATED
Tiruppur,2024-25,10253,44712,4361,"Department of Economics and Statistics, Government of Tamil Nadu","Season and Crop Report Tamil Nadu 2024-2025, Fasli 1434",Table IV-A,Table V-B,Table V-A,REAL_OBSERVED_AGGREGATED
Erode,2024-25,29736,119485,4018,"Department of Economics and Statistics, Government of Tamil Nadu","Season and Crop Report Tamil Nadu 2024-2025, Fasli 1434",Table IV-A,Table V-B,Table V-A,REAL_OBSERVED_AGGREGATED
Tiruchirapalli,2024-25,67931,260087,3829,"Department of Economics and Statistics, Government of Tamil Nadu","Season and Crop Report Tamil Nadu 2024-2025, Fasli 1434",Table IV-A,Table V-B,Table V-A,REAL_OBSERVED_AGGREGATED
Karur,2024-25,14722,54501,3702,"Department of Economics and Statistics, Government of Tamil Nadu","Season and Crop Report Tamil Nadu 2024-2025, Fasli 1434",Table IV-A,Table V-B,Table V-A,REAL_OBSERVED_AGGREGATED
Perambalur,2024-25,8241,32553,3950,"Department of Economics and Statistics, Government of Tamil Nadu","Season and Crop Report Tamil Nadu 2024-2025, Fasli 1434",Table IV-A,Table V-B,Table V-A,REAL_OBSERVED_AGGREGATED
Ariyalur,2024-25,26540,93905,3538,"Department of Economics and Statistics, Government of Tamil Nadu","Season and Crop Report Tamil Nadu 2024-2025, Fasli 1434",Table IV-A,Table V-B,Table V-A,REAL_OBSERVED_AGGREGATED
Pudukkottai,2024-25,94173,310179,3294,"Department of Economics and Statistics, Government of Tamil Nadu","Season and Crop Report Tamil Nadu 2024-2025, Fasli 1434",Table IV-A,Table V-B,Table V-A,REAL_OBSERVED_AGGREGATED
Thanjavur,2024-25,209532,665523,3176,"Department of Economics and Statistics, Government of Tamil Nadu","Season and Crop Report Tamil Nadu 2024-2025, Fasli 1434",Table IV-A,Table V-B,Table V-A,REAL_OBSERVED_AGGREGATED
Tiruvarur,2024-25,195952,617781,3153,"Department of Economics and Statistics, Government of Tamil Nadu","Season and Crop Report Tamil Nadu 2024-2025, Fasli 1434",Table IV-A,Table V-B,Table V-A,REAL_OBSERVED_AGGREGATED
Nagapattinam,2024-25,67999,177549,2611,"Department of Economics and Statistics, Government of Tamil Nadu","Season and Crop Report Tamil Nadu 2024-2025, Fasli 1434",Table IV-A,Table V-B,Table V-A,REAL_OBSERVED_AGGREGATED
Mayiladuthurai,2024-25,108130,332769,3077,"Department of Economics and Statistics, Government of Tamil Nadu","Season and Crop Report Tamil Nadu 2024-2025, Fasli 1434",Table IV-A,Table V-B,Table V-A,REAL_OBSERVED_AGGREGATED
Madurai,2024-25,58619,192634,3286,"Department of Economics and Statistics, Government of Tamil Nadu","Season and Crop Report Tamil Nadu 2024-2025, Fasli 1434",Table IV-A,Table V-B,Table V-A,REAL_OBSERVED_AGGREGATED
Theni,2024-25,13706,58781,4289,"Department of Economics and Statistics, Government of Tamil Nadu","Season and Crop Report Tamil Nadu 2024-2025, Fasli 1434",Table IV-A,Table V-B,Table V-A,REAL_OBSERVED_AGGREGATED
Dindigul,2024-25,14234,48504,3408,"Department of Economics and Statistics, Government of Tamil Nadu","Season and Crop Report Tamil Nadu 2024-2025, Fasli 1434",Table IV-A,Table V-B,Table V-A,REAL_OBSERVED_AGGREGATED
Ramanathapuram,2024-25,142849,280846,1966,"Department of Economics and Statistics, Government of Tamil Nadu","Season and Crop Report Tamil Nadu 2024-2025, Fasli 1434",Table IV-A,Table V-B,Table V-A,REAL_OBSERVED_AGGREGATED
Virudhunagar,2024-25,30594,85340,2789,"Department of Economics and Statistics, Government of Tamil Nadu","Season and Crop Report Tamil Nadu 2024-2025, Fasli 1434",Table IV-A,Table V-B,Table V-A,REAL_OBSERVED_AGGREGATED
Sivagangai,2024-25,82173,237686,2892,"Department of Economics and Statistics, Government of Tamil Nadu","Season and Crop Report Tamil Nadu 2024-2025, Fasli 1434",Table IV-A,Table V-B,Table V-A,REAL_OBSERVED_AGGREGATED
Tirunelveli,2024-25,41347,168212,4068,"Department of Economics and Statistics, Government of Tamil Nadu","Season and Crop Report Tamil Nadu 2024-2025, Fasli 1434",Table IV-A,Table V-B,Table V-A,REAL_OBSERVED_AGGREGATED
Tenkasi,2024-25,44469,163828,3684,"Department of Economics and Statistics, Government of Tamil Nadu","Season and Crop Report Tamil Nadu 2024-2025, Fasli 1434",Table IV-A,Table V-B,Table V-A,REAL_OBSERVED_AGGREGATED
Thoothukudi,2024-25,12665,45834,3619,"Department of Economics and Statistics, Government of Tamil Nadu","Season and Crop Report Tamil Nadu 2024-2025, Fasli 1434",Table IV-A,Table V-B,Table V-A,REAL_OBSERVED_AGGREGATED
The,2024-25,82,246,3008,"Department of Economics and Statistics, Government of Tamil Nadu","Season and Crop Report Tamil Nadu 2024-2025, Fasli 1434",Table IV-A,Table V-B,Table V-A,REAL_OBSERVED_AGGREGATED
Kanniyakumari,2024-25,11277,43246,3835,"Department of Economics and Statistics, Government of Tamil Nadu","Season and Crop Report Tamil Nadu 2024-2025, Fasli 1434",Table IV-A,Table V-B,Table V-A,REAL_OBSERVED_AGGREGATED
